"MYE3: Components of population change for local authorities in the UK, mid-2020",,,,,,,,,,,,,,,,,,,
This worksheet contains one table. Freeze panes are turned on. ,,,,,,,,,,,,,,,,,,,
"To turn off freeze panes select the 'View' ribbon then 'Freeze Panes' then 'Unfreeze Panes' or use [Alt W, F]",,,,,,,,,,,,,,,,,,,
Please choose from the links presented in the cells below to e-mail us your opinion on this table: ,,,,,,,,,,,,,,,,,,,
"This met my needs, please produce it next year",,,,,,,,,,,,,,,,,,,
I need something slightly different (please specify),,,,,,,,,,,,,,,,,,,
This is not what I need at all (please specify),,,,,,,,,,,,,,,,,,,
Code,Name,Geography,Estimated Population  mid-2019,Births,Deaths,Births minus Deaths,Internal Migration Inflow,Internal Migration Outflow,Internal Migration Net,International Migration Inflow,International Migration Outflow,International Migration Net,Other,Estimated Population  mid-2020,,,,,
K02000001,UNITED KINGDOM,Country,"66,796,807","700,691","669,201","31,490",No data,No data,49,"622,141","374,932","247,209","5,679","67,081,234",,,,,
K03000001,GREAT BRITAIN,Country,"64,903,140","678,792","652,510","26,282",No data,No data,"1,575","610,960","362,000","248,960","5,767","65,185,724",,,,,
K04000001,ENGLAND AND WALES,Country,"59,439,840","630,119","589,365","40,754","40,730","48,155","-7,425","571,760","330,700","241,060","5,495","59,719,724",,,,,
E92000001,ENGLAND,Country,"56,286,961","600,708","553,546","47,162","90,650","110,943","-20,293","553,116","322,002","231,114","5,194","56,550,138",,,,,
E12000001,NORTH EAST,Region,"2,669,941","25,235","31,391","-6,156","51,587","46,959","4,628","17,881","5,469","12,412",-62,"2,680,763",,,,,
E06000047,County Durham,Unitary Authority,"530,094","4,684","6,572","-1,888","21,848","19,221","2,627","3,135",707,"2,428",-112,"533,149",,,,,
E06000005,Darlington,Unitary Authority,"106,803","1,037","1,307",-270,"4,383","3,694",689,350,205,145,35,"107,402",,,,,
E06000001,Hartlepool,Unitary Authority,"93,663",974,"1,134",-160,"2,640","2,660",-20,406,87,319,34,"93,836",,,,,
E06000002,Middlesbrough,Unitary Authority,"140,980","1,783","1,735",48,"6,208","7,116",-908,"1,492",358,"1,134",31,"141,285",,,,,
E06000057,Northumberland,Unitary Authority,"322,434","2,430","3,926","-1,496","10,963","8,120","2,843",526,293,233,-194,"323,820",,,,,
E06000003,Redcar and Cleveland,Unitary Authority,"137,150","1,295","1,750",-455,"4,216","3,967",249,306,58,248,36,"137,228",,,,,
E06000004,Stockton-on-Tees,Unitary Authority,"197,348","2,021","2,033",-12,"6,654","7,413",-759,"1,187",276,911,-69,"197,419",,,,,
E11000007,Tyne and Wear (Met County),Metropolitan County,"1,141,469","11,011","12,934","-1,923","33,628","33,721",-93,"10,479","3,485","6,994",177,"1,146,624",,,,,
E08000037,Gateshead,Metropolitan District,"202,055","1,927","2,431",-504,"7,603","8,035",-432,"1,230",418,812,19,"201,950",,,,,
E08000021,Newcastle upon Tyne,Metropolitan District,"302,820","3,037","2,846",191,"22,427","22,912",-485,"6,615","2,376","4,239",59,"306,824",,,,,
E08000022,North Tyneside,Metropolitan District,"207,913","2,022","2,350",-328,"7,797","6,817",980,484,209,275,31,"208,871",,,,,
E08000023,South Tyneside,Metropolitan District,"150,976","1,441","1,879",-438,"3,831","3,584",247,422,87,335,13,"151,133",,,,,
E08000024,Sunderland,Metropolitan District,"277,705","2,584","3,428",-844,"6,817","7,220",-403,"1,728",395,"1,333",55,"277,846",,,,,
E12000002,NORTH WEST,Region,"7,341,196","78,327","80,581","-2,254","129,836","120,946","8,890","52,198","32,792","19,406",218,"7,367,456",,,,,
E06000008,Blackburn with Darwen,Unitary Authority,"149,696","1,905","1,434",471,"5,008","5,624",-616,780,337,443,36,"150,030",,,,,
E06000009,Blackpool,Unitary Authority,"139,446","1,526","2,041",-515,"6,638","7,184",-546,381,413,-32,28,"138,381",,,,,
E06000049,Cheshire East,Unitary Authority,"384,152","3,613","4,605",-992,"16,066","12,537","3,529","1,240","1,267",-27,5,"386,667",,,,,
E06000050,Cheshire West and Chester,Unitary Authority,"343,071","3,318","3,862",-544,"14,549","13,564",985,"1,351","1,085",266,45,"343,823",,,,,
E06000006,Halton,Unitary Authority,"129,410","1,327","1,394",-67,"3,850","3,598",252,438,314,124,40,"129,759",,,,,
E06000007,Warrington,Unitary Authority,"210,014","2,051","2,204",-153,"7,152","7,473",-321,796,786,10,-153,"209,397",,,,,
E10000006,Cumbria,County,"500,012","4,143","6,440","-2,297","12,302","10,519","1,783","1,301","1,040",261,22,"499,781",,,,,
E07000026,Allerdale,Non-metropolitan District,"97,761",783,"1,261",-478,"2,904","2,424",480,150,109,41,27,"97,831",,,,,
E07000027,Barrow-in-Furness,Non-metropolitan District,"67,049",672,857,-185,"1,552","1,643",-91,93,83,10,-57,"66,726",,,,,
E07000028,Carlisle,Non-metropolitan District,"108,678","1,026","1,399",-373,"3,504","3,313",191,357,330,27,1,"108,524",,,,,
E07000029,Copeland,Non-metropolitan District,"68,183",590,832,-242,"1,712","1,680",32,85,45,40,28,"68,041",,,,,
E07000030,Eden,Non-metropolitan District,"53,253",412,582,-170,"2,392","1,764",628,138,103,35,8,"53,754",,,,,
E07000031,South Lakeland,Non-metropolitan District,"105,088",660,"1,509",-849,"4,793","4,250",543,478,370,108,15,"104,905",,,,,
E11000001,Greater Manchester (Met County),Metropolitan County,"2,835,686","33,851","27,449","6,402","74,237","78,763","-4,526","27,269","16,777","10,492",232,"2,848,286",,,,,
E08000001,Bolton,Metropolitan District,"287,550","3,746","3,007",739,"9,053","10,195","-1,142","1,829",765,"1,064",37,"288,248",,,,,
E08000002,Bury,Metropolitan District,"190,990","2,169","1,965",204,"6,790","7,665",-875,775,411,364,25,"190,708",,,,,
E08000003,Manchester,Metropolitan District,"552,858","7,084","3,882","3,202","40,877","45,996","-5,119","15,451","10,710","4,741",59,"555,741",,,,,
E08000004,Oldham,Metropolitan District,"237,110","3,076","2,367",709,"6,802","7,935","-1,133","1,425",520,905,37,"237,628",,,,,
E08000005,Rochdale,Metropolitan District,"222,412","2,805","2,265",540,"7,245","7,193",52,"1,115",523,592,63,"223,659",,,,,
E08000006,Salford,Metropolitan District,"258,834","3,506","2,419","1,087","17,968","16,572","1,396","3,167","1,660","1,507",-127,"262,697",,,,,
E08000007,Stockport,Metropolitan District,"293,423","3,153","3,195",-42,"11,686","11,052",634,747,618,129,53,"294,197",,,,,
E08000008,Tameside,Metropolitan District,"226,493","2,629","2,601",28,"7,796","7,603",193,787,420,367,36,"227,117",,,,,
E08000009,Trafford,Metropolitan District,"237,354","2,394","2,265",129,"10,721","10,952",-231,899,618,281,46,"237,579",,,,,
E08000010,Wigan,Metropolitan District,"328,662","3,289","3,483",-194,"10,393","8,694","1,699","1,074",532,542,3,"330,712",,,,,
E10000017,Lancashire,County,"1,219,799","12,048","14,025","-1,977","43,199","37,939","5,260","7,664","3,401","4,263",-269,"1,227,076",,,,,
E07000117,Burnley,Non-metropolitan District,"88,920","1,120","1,032",88,"3,615","3,437",178,427,286,141,17,"89,344",,,,,
E07000118,Chorley,Non-metropolitan District,"118,216","1,094","1,338",-244,"5,357","4,398",959,227,132,95,-156,"118,870",,,,,
E07000119,Fylde,Non-metropolitan District,"80,780",569,"1,209",-640,"4,819","3,703","1,116",205,87,118,-163,"81,211",,,,,
E07000120,Hyndburn,Non-metropolitan District,"81,043",970,901,69,"3,258","3,393",-135,172,42,130,26,"81,133",,,,,
E07000121,Lancaster,Non-metropolitan District,"146,038","1,310","1,523",-213,"8,964","8,564",400,"2,885",942,"1,943",-49,"148,119",,,,,
E07000122,Pendle,Non-metropolitan District,"92,112","1,191",968,223,"3,080","3,636",-556,579,226,353,13,"92,145",,,,,
E07000123,Preston,Non-metropolitan District,"143,135","1,723","1,445",278,"8,998","9,015",-17,"1,887","1,127",760,-9,"144,147",,,,,
E07000124,Ribble Valley,Non-metropolitan District,"60,888",513,664,-151,"3,663","2,486","1,177",167,61,106,6,"62,026",,,,,
E07000125,Rossendale,Non-metropolitan District,"71,482",717,781,-64,"2,966","3,040",-74,163,83,80,8,"71,432",,,,,
E07000126,South Ribble,Non-metropolitan District,"110,788",986,"1,104",-118,"4,778","4,462",316,193,101,92,8,"111,086",,,,,
E07000127,West Lancashire,Non-metropolitan District,"114,306",985,"1,415",-430,"6,851","6,493",358,448,202,246,16,"114,496",,,,,
E07000128,Wyre,Non-metropolitan District,"112,091",870,"1,645",-775,"6,351","4,813","1,538",311,112,199,14,"113,067",,,,,
E11000002,Merseyside (Met County),Metropolitan County,"1,429,910","14,545","17,127","-2,582","41,610","38,520","3,090","10,978","7,372","3,606",232,"1,434,256",,,,,
E08000011,Knowsley,Metropolitan District,"150,862","1,910","1,749",161,"6,928","5,627","1,301",274,167,107,21,"152,452",,,,,
E08000012,Liverpool,Metropolitan District,"498,042","5,344","5,078",266,"29,819","30,971","-1,152","8,928","5,711","3,217",101,"500,474",,,,,
E08000014,Sefton,Metropolitan District,"276,410","2,476","3,840","-1,364","9,060","8,462",598,707,494,213,42,"275,899",,,,,
E08000013,St. Helens,Metropolitan District,"180,585","1,768","2,186",-418,"6,167","5,342",825,382,300,82,21,"181,095",,,,,
E08000015,Wirral,Metropolitan District,"324,011","3,047","4,274","-1,227","8,682","7,164","1,518",687,700,-13,47,"324,336",,,,,
E12000003,YORKSHIRE AND THE HUMBER,Region,"5,502,967","57,382","57,616",-234,"118,089","118,116",-27,"40,788","18,139","22,649",995,"5,526,350",,,,,
E06000011,East Riding of Yorkshire,Unitary Authority,"341,173","2,671","4,349","-1,678","15,103","12,172","2,931",725,373,352,423,"343,201",,,,,
E06000010,"Kingston upon Hull, City of",Unitary Authority,"259,778","3,178","2,734",444,"10,020","12,078","-2,058","2,381","1,425",956,6,"259,126",,,,,
E06000012,North East Lincolnshire,Unitary Authority,"159,563","1,653","1,702",-49,"3,970","4,299",-329,531,384,147,32,"159,364",,,,,
E06000013,North Lincolnshire,Unitary Authority,"172,292","1,582","1,807",-225,"5,052","4,848",204,686,264,422,55,"172,748",,,,,
E06000014,York,Unitary Authority,"210,618","1,682","2,058",-376,"14,948","16,215","-1,267","3,246","1,200","2,046",-9,"211,012",,,,,
E10000023,North Yorkshire,County,"618,054","4,917","7,345","-2,428","25,602","21,963","3,639","2,303","1,337",966,379,"620,610",,,,,
E07000163,Craven,Non-metropolitan District,"57,142",425,738,-313,"2,974","2,569",405,146,53,93,11,"57,338",,,,,
E07000164,Hambleton,Non-metropolitan District,"91,594",633,"1,099",-466,"4,629","3,921",708,189,82,107,-11,"91,932",,,,,
E07000165,Harrogate,Non-metropolitan District,"160,831","1,260","1,888",-628,"7,287","6,491",796,975,662,313,233,"161,545",,,,,
E07000166,Richmondshire,Non-metropolitan District,"53,730",409,573,-164,"2,677","2,764",-87,192,69,123,130,"53,732",,,,,
E07000167,Ryedale,Non-metropolitan District,"55,380",423,628,-205,"2,833","2,432",401,169,123,46,7,"55,629",,,,,
E07000168,Scarborough,Non-metropolitan District,"108,757",891,"1,574",-683,"4,281","3,819",462,402,205,197,4,"108,737",,,,,
E07000169,Selby,Non-metropolitan District,"90,620",876,845,31,"4,749","3,795",954,230,143,87,5,"91,697",,,,,
E11000003,South Yorkshire (Met County),Metropolitan County,"1,409,020","14,690","15,180",-490,"40,058","40,803",-745,"11,956","4,594","7,362",-93,"1,415,054",,,,,
E08000016,Barnsley,Metropolitan District,"246,866","2,640","2,804",-164,"7,482","6,639",843,913,430,483,43,"248,071",,,,,
E08000017,Doncaster,Metropolitan District,"311,890","3,427","3,487",-60,"9,144","8,656",488,"1,412",668,744,-277,"312,785",,,,,
E08000018,Rotherham,Metropolitan District,"265,411","2,758","3,259",-501,"7,866","8,187",-321,612,258,354,41,"264,984",,,,,
E08000019,Sheffield,Metropolitan District,"584,853","5,865","5,630",235,"27,444","29,199","-1,755","9,019","3,238","5,781",100,"589,214",,,,,
E11000006,West Yorkshire (Met County),Metropolitan County,"2,332,469","27,009","22,441","4,568","63,553","65,955","-2,402","18,960","8,562","10,398",202,"2,345,235",,,,,
E08000032,Bradford,Metropolitan District,"539,776","6,988","5,028","1,960","15,555","17,591","-2,036","3,871","1,533","2,338",90,"542,128",,,,,
E08000033,Calderdale,Metropolitan District,"211,455","2,184","2,106",78,"6,866","7,495",-629,691,207,484,51,"211,439",,,,,
E08000034,Kirklees,Metropolitan District,"439,787","4,887","4,169",718,"13,705","15,123","-1,418","2,970",854,"2,116",87,"441,290",,,,,
E08000035,Leeds,Metropolitan District,"793,139","9,026","7,282","1,744","42,596","43,384",-788,"10,225","5,483","4,742",-51,"798,786",,,,,
E08000036,Wakefield,Metropolitan District,"348,312","3,924","3,856",68,"12,451","9,982","2,469","1,203",485,718,25,"351,592",,,,,
E12000004,EAST MIDLANDS,Region,"4,835,928","48,167","49,988","-1,821","140,942","132,181","8,761","35,539","13,703","21,836",879,"4,865,583",,,,,
E06000015,Derby,Unitary Authority,"257,302","2,922","2,693",229,"11,701","13,875","-2,174","2,268",844,"1,424",33,"256,814",,,,,
E06000016,Leicester,Unitary Authority,"354,224","4,480","2,864","1,616","18,931","25,037","-6,106","7,544","3,311","4,233",69,"354,036",,,,,
E06000061,North Northamptonshire ,Unitary Authority,"348,228","3,835","3,497",338,"12,105","11,326",779,"2,024","1,000","1,024",79,"350,448",,,,,
E06000018,Nottingham,Unitary Authority,"332,900","3,666","2,609","1,057","32,329","34,466","-2,137","8,042","2,800","5,242",36,"337,098",,,,,
E06000017,Rutland,Unitary Authority,"39,927",267,414,-147,"2,572","2,264",308,203,54,149,239,"40,476",,,,,
E06000062,West Northamptonshire ,Unitary Authority,"405,050","4,706","3,864",842,"16,584","18,126","-1,542","3,830","1,383","2,447",-64,"406,733",,,,,
E10000007,Derbyshire,County,"802,694","7,124","9,023","-1,899","30,581","24,950","5,631","1,293",557,736,21,"807,183",,,,,
E07000032,Amber Valley,Non-metropolitan District,"128,147","1,093","1,419",-326,"5,923","5,022",901,138,60,78,29,"128,829",,,,,
E07000033,Bolsover,Non-metropolitan District,"80,562",818,893,-75,"4,441","3,749",692,174,53,121,5,"81,305",,,,,
E07000034,Chesterfield,Non-metropolitan District,"104,900",991,"1,244",-253,"4,141","3,992",149,186,76,110,24,"104,930",,,,,
E07000035,Derbyshire Dales,Non-metropolitan District,"72,325",474,863,-389,"3,620","3,077",543,123,49,74,-131,"72,422",,,,,
E07000036,Erewash,Non-metropolitan District,"115,371","1,045","1,297",-252,"5,211","5,079",132,161,109,52,29,"115,332",,,,,
E07000037,High Peak,Non-metropolitan District,"92,666",786,999,-213,"3,762","3,705",57,219,100,119,4,"92,633",,,,,
E07000038,North East Derbyshire,Non-metropolitan District,"101,462",810,"1,306",-496,"5,198","4,057","1,141",111,27,84,25,"102,216",,,,,
E07000039,South Derbyshire,Non-metropolitan District,"107,261","1,107","1,002",105,"7,387","5,371","2,016",181,83,98,36,"109,516",,,,,
E10000018,Leicestershire,County,"706,155","6,674","7,039",-365,"34,068","29,284","4,784","3,528","1,188","2,340",171,"713,085",,,,,
E07000129,Blaby,Non-metropolitan District,"101,526","1,056",930,126,"5,365","5,152",213,175,98,77,8,"101,950",,,,,
E07000130,Charnwood,Non-metropolitan District,"185,851","1,801","1,689",112,"13,568","12,808",760,"2,248",581,"1,667",26,"188,416",,,,,
E07000131,Harborough,Non-metropolitan District,"93,807",822,953,-131,"5,701","4,075","1,626",282,87,195,40,"95,537",,,,,
E07000132,Hinckley and Bosworth,Non-metropolitan District,"113,136","1,069","1,232",-163,"5,206","4,560",646,208,194,14,33,"113,666",,,,,
E07000133,Melton,Non-metropolitan District,"51,209",463,517,-54,"2,337","2,156",181,88,56,32,26,"51,394",,,,,
E07000134,North West Leicestershire,Non-metropolitan District,"103,611",962,"1,045",-83,"5,656","4,484","1,172",183,94,89,20,"104,809",,,,,
E07000135,Oadby and Wigston,Non-metropolitan District,"57,015",501,673,-172,"4,771","4,585",186,344,78,266,18,"57,313",,,,,
E10000019,Lincolnshire,County,"761,224","6,692","8,950","-2,258","31,022","26,584","4,438","4,018","1,374","2,644",285,"766,333",,,,,
E07000136,Boston,Non-metropolitan District,"70,173",715,806,-91,"2,659","2,867",-208,"1,227",262,965,-2,"70,837",,,,,
E07000137,East Lindsey,Non-metropolitan District,"141,727","1,056","2,123","-1,067","7,006","5,846","1,160",296,92,204,6,"142,030",,,,,
E07000138,Lincoln,Non-metropolitan District,"99,299","1,037",957,80,"10,514","10,478",36,"1,042",462,580,54,"100,049",,,,,
E07000139,North Kesteven,Non-metropolitan District,"116,915","1,004","1,342",-338,"6,728","5,435","1,293",198,83,115,164,"118,149",,,,,
E07000140,South Holland,Non-metropolitan District,"95,019",862,"1,169",-307,"4,242","3,569",673,680,214,466,6,"95,857",,,,,
E07000141,South Kesteven,Non-metropolitan District,"142,424","1,226","1,497",-271,"6,911","6,102",809,416,212,204,59,"143,225",,,,,
E07000142,West Lindsey,Non-metropolitan District,"95,667",792,"1,056",-264,"5,382","4,707",675,159,49,110,-2,"96,186",,,,,
E10000024,Nottinghamshire,County,"828,224","7,801","9,035","-1,234","34,481","29,701","4,780","2,789","1,192","1,597",10,"833,377",,,,,
E07000170,Ashfield,Non-metropolitan District,"127,918","1,293","1,412",-119,"5,944","5,545",399,240,130,110,29,"128,337",,,,,
E07000171,Bassetlaw,Non-metropolitan District,"117,459","1,094","1,346",-252,"4,905","3,988",917,362,178,184,-28,"118,280",,,,,
E07000172,Broxtowe,Non-metropolitan District,"114,033","1,007","1,240",-233,"7,824","7,502",322,750,242,508,-3,"114,627",,,,,
E07000173,Gedling,Non-metropolitan District,"117,896","1,070","1,267",-197,"6,463","6,025",438,187,105,82,20,"118,239",,,,,
E07000174,Mansfield,Non-metropolitan District,"109,313","1,149","1,274",-125,"4,684","4,787",-103,492,232,260,6,"109,351",,,,,
E07000175,Newark and Sherwood,Non-metropolitan District,"122,421","1,151","1,327",-176,"6,262","5,572",690,347,189,158,34,"123,127",,,,,
E07000176,Rushcliffe,Non-metropolitan District,"119,184","1,037","1,169",-132,"8,860","6,743","2,117",411,116,295,-48,"121,416",,,,,
E12000005,WEST MIDLANDS,Region,"5,934,037","64,858","62,142","2,716","124,128","127,420","-3,292","50,814","22,367","28,447",21,"5,961,929",,,,,
E06000019,"Herefordshire, County of",Unitary Authority,"192,801","1,546","2,267",-721,"6,744","5,921",823,"1,047",381,666,46,"193,615",,,,,
E06000051,Shropshire,Unitary Authority,"323,136","2,607","3,882","-1,275","13,053","10,167","2,886","1,242",658,584,84,"325,415",,,,,
E06000021,Stoke-on-Trent,Unitary Authority,"256,375","3,159","2,783",376,"9,754","11,221","-1,467","2,020",722,"1,298",40,"256,622",,,,,
E06000020,Telford and Wrekin,Unitary Authority,"179,854","1,989","1,717",272,"7,585","6,798",787,901,458,443,-34,"181,322",,,,,
E10000028,Staffordshire,County,"879,560","8,220","9,747","-1,527","32,018","28,236","3,782","2,583",976,"1,607",-250,"883,172",,,,,
E07000192,Cannock Chase,Non-metropolitan District,"100,762","1,039",964,75,"4,059","3,560",499,183,53,130,18,"101,484",,,,,
E07000193,East Staffordshire,Non-metropolitan District,"119,754","1,363","1,312",51,"5,154","4,506",648,720,278,442,28,"120,923",,,,,
E07000194,Lichfield,Non-metropolitan District,"104,756",961,"1,239",-278,"5,370","4,505",865,180,67,113,181,"105,637",,,,,
E07000195,Newcastle-under-Lyme,Non-metropolitan District,"129,441","1,141","1,460",-319,"7,580","7,567",13,657,190,467,8,"129,610",,,,,
E07000196,South Staffordshire,Non-metropolitan District,"112,436",867,"1,380",-513,"5,489","4,935",554,122,53,69,-177,"112,369",,,,,
E07000197,Stafford,Non-metropolitan District,"137,280","1,233","1,477",-244,"6,031","5,138",893,421,199,222,-293,"137,858",,,,,
E07000198,Staffordshire Moorlands,Non-metropolitan District,"98,435",757,"1,174",-417,"4,022","3,651",371,98,44,54,-16,"98,427",,,,,
E07000199,Tamworth,Non-metropolitan District,"76,696",859,741,118,"2,854","2,915",-61,202,92,110,1,"76,864",,,,,
E10000031,Warwickshire,County,"577,933","5,808","6,351",-543,"28,459","23,130","5,329","2,887","1,860","1,027",40,"583,786",,,,,
E07000218,North Warwickshire,Non-metropolitan District,"65,264",582,870,-288,"3,488","3,065",423,109,62,47,6,"65,452",,,,,
E07000219,Nuneaton and Bedworth,Non-metropolitan District,"129,883","1,492","1,492",0,"5,378","4,963",415,340,291,49,26,"130,373",,,,,
E07000220,Rugby,Non-metropolitan District,"108,935","1,175","1,092",83,"5,878","4,529","1,349",686,406,280,3,"110,650",,,,,
E07000221,Stratford-on-Avon,Non-metropolitan District,"130,098","1,138","1,583",-445,"7,933","5,478","2,455",571,294,277,17,"132,402",,,,,
E07000222,Warwick,Non-metropolitan District,"143,753","1,421","1,314",107,"10,393","9,706",687,"1,181",807,374,-12,"144,909",,,,,
E11000005,West Midlands (Met County),Metropolitan County,"2,928,592","36,109","28,588","7,521","78,094","96,139","-18,045","37,682","16,075","21,607",252,"2,939,927",,,,,
E08000025,Birmingham,Metropolitan District,"1,141,816","15,208","9,883","5,325","46,113","59,469","-13,356","17,494","10,625","6,869",-129,"1,140,525",,,,,
E08000026,Coventry,Metropolitan District,"371,521","4,118","3,105","1,013","20,689","23,725","-3,036","12,782","3,002","9,780",109,"379,387",,,,,
E08000027,Dudley,Metropolitan District,"321,596","3,440","3,577",-137,"10,055","9,593",462,729,358,371,71,"322,363",,,,,
E08000028,Sandwell,Metropolitan District,"328,450","4,299","3,444",855,"13,218","15,217","-1,999","2,305",621,"1,684",52,"329,042",,,,,
E08000029,Solihull,Metropolitan District,"216,374","2,158","2,436",-278,"10,266","9,118","1,148",432,223,209,34,"217,487",,,,,
E08000030,Walsall,Metropolitan District,"285,478","3,657","3,085",572,"10,664","10,901",-237,"1,272",421,851,52,"286,716",,,,,
E08000031,Wolverhampton,Metropolitan District,"263,357","3,229","3,058",171,"10,199","11,226","-1,027","2,668",825,"1,843",63,"264,407",,,,,
E10000034,Worcestershire,County,"595,786","5,420","6,807","-1,387","20,552","17,939","2,613","2,452","1,237","1,215",-157,"598,070",,,,,
E07000234,Bromsgrove,Non-metropolitan District,"99,881",938,"1,181",-243,"5,292","4,287","1,005",235,82,153,-227,"100,569",,,,,
E07000235,Malvern Hills,Non-metropolitan District,"78,698",540,"1,126",-586,"4,594","3,582","1,012",383,85,298,23,"79,445",,,,,
E07000236,Redditch,Non-metropolitan District,"85,261",956,778,178,"2,862","2,911",-49,376,209,167,11,"85,568",,,,,
E07000237,Worcester,Non-metropolitan District,"101,222","1,047",976,71,"5,299","6,539","-1,240",725,517,208,4,"100,265",,,,,
E07000238,Wychavon,Non-metropolitan District,"129,433","1,090","1,416",-326,"6,553","4,898","1,655",566,257,309,13,"131,084",,,,,
E07000239,Wyre Forest,Non-metropolitan District,"101,291",849,"1,330",-481,"3,528","3,298",230,167,87,80,19,"101,139",,,,,
E12000006,EAST,Region,"6,236,072","66,569","63,429","3,140","170,971","153,578","17,393","42,324","27,289","15,035","-2,479","6,269,161",,,,,
E06000055,Bedford,Unitary Authority,"173,292","2,065","1,685",380,"8,420","7,699",721,"1,322","1,041",281,13,"174,687",,,,,
E06000056,Central Bedfordshire,Unitary Authority,"288,648","3,336","2,545",791,"15,667","12,147","3,520","2,145",981,"1,164",-27,"294,096",,,,,
E06000032,Luton,Unitary Authority,"213,052","3,219","1,664","1,555","8,436","11,475","-3,039","3,660","1,743","1,917",43,"213,528",,,,,
E06000031,Peterborough,Unitary Authority,"202,259","2,758","1,694","1,064","8,005","9,409","-1,404","2,079","1,183",896,-189,"202,626",,,,,
E06000033,Southend-on-Sea,Unitary Authority,"183,125","1,971","2,089",-118,"7,535","8,119",-584,743,414,329,21,"182,773",,,,,
E06000034,Thurrock,Unitary Authority,"174,341","2,419","1,487",932,"7,822","7,952",-130,"1,035",665,370,18,"175,531",,,,,
E10000003,Cambridgeshire,County,"653,537","6,578","5,972",606,"32,978","32,071",907,"8,663","6,218","2,445",-291,"657,204",,,,,
E07000008,Cambridge,Non-metropolitan District,"124,798","1,315",838,477,"14,772","16,740","-1,968","6,046","4,215","1,831",-75,"125,063",,,,,
E07000009,East Cambridgeshire,Non-metropolitan District,"89,840",825,848,-23,"4,533","3,924",609,578,560,18,-272,"90,172",,,,,
E07000010,Fenland,Non-metropolitan District,"101,850","1,047","1,357",-310,"4,754","4,584",170,613,259,354,16,"102,080",,,,,
E07000011,Huntingdonshire,Non-metropolitan District,"177,963","1,823","1,670",153,"8,481","7,594",887,593,655,-62,44,"178,985",,,,,
E07000012,South Cambridgeshire,Non-metropolitan District,"159,086","1,568","1,259",309,"10,150","8,941","1,209",833,529,304,-4,"160,904",,,,,
E10000012,Essex,County,"1,489,189","15,704","15,931",-227,"52,719","47,058","5,661","6,643","3,748","2,895",241,"1,497,759",,,,,
E07000066,Basildon,Non-metropolitan District,"187,199","2,405","1,809",596,"7,963","8,399",-436,584,412,172,27,"187,558",,,,,
E07000067,Braintree,Non-metropolitan District,"152,604","1,530","1,619",-89,"7,010","6,573",437,323,219,104,35,"153,091",,,,,
E07000068,Brentwood,Non-metropolitan District,"77,021",851,844,7,"4,116","4,087",29,257,89,168,17,"77,242",,,,,
E07000069,Castle Point,Non-metropolitan District,"90,376",811,"1,140",-329,"3,968","3,562",406,101,34,67,4,"90,524",,,,,
E07000070,Chelmsford,Non-metropolitan District,"178,388","1,767","1,698",69,"9,636","8,877",759,909,518,391,-58,"179,549",,,,,
E07000071,Colchester,Non-metropolitan District,"194,706","2,075","1,607",468,"12,039","11,435",604,"2,613","1,335","1,278",144,"197,200",,,,,
E07000072,Epping Forest,Non-metropolitan District,"131,689","1,619","1,555",64,"7,363","7,215",148,621,360,261,13,"132,175",,,,,
E07000073,Harlow,Non-metropolitan District,"87,067","1,165",827,338,"4,002","4,283",-281,499,348,151,5,"87,280",,,,,
E07000074,Maldon,Non-metropolitan District,"64,926",510,746,-236,"3,311","2,660",651,114,66,48,12,"65,401",,,,,
E07000075,Rochford,Non-metropolitan District,"87,368",796,940,-144,"3,957","3,604",353,84,37,47,3,"87,627",,,,,
E07000076,Tendring,Non-metropolitan District,"146,561","1,249","2,350","-1,101","6,559","4,816","1,743",264,131,133,17,"147,353",,,,,
E07000077,Uttlesford,Non-metropolitan District,"91,284",926,796,130,"5,416","4,168","1,248",274,199,75,22,"92,759",,,,,
E10000015,Hertfordshire,County,"1,189,519","13,475","11,054","2,421","52,252","51,041","1,211","7,574","5,244","2,330",191,"1,195,672",,,,,
E07000095,Broxbourne,Non-metropolitan District,"97,279","1,128",897,231,"5,115","5,137",-22,377,278,99,5,"97,592",,,,,
E07000096,Dacorum,Non-metropolitan District,"154,763","1,832","1,447",385,"7,635","7,484",151,800,653,147,11,"155,457",,,,,
E07000242,East Hertfordshire,Non-metropolitan District,"149,748","1,578","1,303",275,"8,559","7,071","1,488",746,497,249,26,"151,786",,,,,
E07000098,Hertsmere,Non-metropolitan District,"104,919","1,191","1,174",17,"7,166","6,619",547,598,611,-13,1,"105,471",,,,,
E07000099,North Hertfordshire,Non-metropolitan District,"133,570","1,481","1,324",157,"6,755","7,115",-360,373,296,77,19,"133,463",,,,,
E07000240,St Albans,Non-metropolitan District,"148,452","1,580","1,275",305,"8,371","7,917",454,635,543,92,14,"149,317",,,,,
E07000243,Stevenage,Non-metropolitan District,"87,845","1,094",818,276,"4,301","4,468",-167,370,230,140,10,"88,104",,,,,
E07000102,Three Rivers,Non-metropolitan District,"93,323",990,880,110,"5,898","5,434",464,318,326,-8,77,"93,966",,,,,
E07000103,Watford,Non-metropolitan District,"96,577","1,367",847,520,"6,247","6,978",-731,869,622,247,10,"96,623",,,,,
E07000241,Welwyn Hatfield,Non-metropolitan District,"123,043","1,234","1,089",145,"8,711","9,324",-613,"2,488","1,188","1,300",18,"123,893",,,,,
E10000020,Norfolk,County,"907,760","7,898","10,656","-2,758","31,891","24,710","7,181","5,422","3,126","2,296",-440,"914,039",,,,,
E07000143,Breckland,Non-metropolitan District,"139,968","1,277","1,711",-434,"7,088","5,450","1,638",582,444,138,-55,"141,255",,,,,
E07000144,Broadland,Non-metropolitan District,"130,783","1,042","1,527",-485,"7,088","5,563","1,525",173,83,90,18,"131,931",,,,,
E07000145,Great Yarmouth,Non-metropolitan District,"99,336",947,"1,222",-275,"3,622","3,645",-23,384,238,146,14,"99,198",,,,,
E07000146,King's Lynn and West Norfolk,Non-metropolitan District,"151,383","1,339","1,988",-649,"6,133","5,395",738,585,488,97,-324,"151,245",,,,,
E07000147,North Norfolk,Non-metropolitan District,"104,837",652,"1,516",-864,"5,283","4,219","1,064",312,111,201,-71,"105,167",,,,,
E07000148,Norwich,Non-metropolitan District,"140,573","1,437","1,219",218,"13,440","13,546",-106,"3,091","1,581","1,510",-18,"142,177",,,,,
E07000149,South Norfolk,Non-metropolitan District,"140,880","1,204","1,473",-269,"8,867","6,522","2,345",295,181,114,-4,"143,066",,,,,
E10000029,Suffolk,County,"761,350","7,146","8,652","-1,506","24,484","21,135","3,349","3,038","2,926",112,"-2,059","761,246",,,,,
E07000200,Babergh,Non-metropolitan District,"92,036",773,"1,110",-337,"4,910","3,987",923,206,138,68,45,"92,735",,,,,
E07000244,East Suffolk,Non-metropolitan District,"249,461","1,915","3,287","-1,372","10,417","8,331","2,086",678,461,217,-19,"250,373",,,,,
E07000202,Ipswich,Non-metropolitan District,"136,913","1,690","1,322",368,"5,708","7,132","-1,424","1,255","1,155",100,22,"135,979",,,,,
E07000203,Mid Suffolk,Non-metropolitan District,"103,895",873,"1,142",-269,"5,563","4,339","1,224",174,112,62,-55,"104,857",,,,,
E07000245,West Suffolk,Non-metropolitan District,"179,045","1,895","1,791",104,"7,856","7,316",540,725,"1,060",-335,"-2,052","177,302",,,,,
E12000007,LONDON,Region,"8,961,989","115,735","58,812","56,923","218,902","320,283","-101,381","200,389","115,844","84,545",412,"9,002,488",,,,,
E09000007,Camden,London Borough,"270,029","2,337","1,377",960,"21,052","24,804","-3,752","20,044","7,827","12,217",62,"279,516",,,,,
E09000001,City of London,London Borough,"9,721",60,51,9,879,915,-36,"1,433",192,"1,241",3,"10,938",,,,,
E09000012,Hackney,London Borough,"281,120","3,989","1,351","2,638","19,967","23,446","-3,479","5,324","4,719",605,57,"280,941",,,,,
E09000013,Hammersmith and Fulham,London Borough,"185,143","2,063","1,162",901,"18,342","20,523","-2,181","5,045","5,136",-91,-228,"183,544",,,,,
E09000014,Haringey,London Borough,"268,647","3,532","1,585","1,947","20,799","26,296","-5,497","5,669","4,451","1,218",42,"266,357",,,,,
E09000019,Islington,London Borough,"242,467","2,634","1,275","1,359","22,088","24,348","-2,260","10,913","4,257","6,656",-107,"248,115",,,,,
E09000020,Kensington and Chelsea,London Borough,"156,129","1,479",900,579,"10,424","12,265","-1,841","4,698","2,719","1,979",18,"156,864",,,,,
E09000022,Lambeth,London Borough,"326,034","3,701","1,726","1,975","32,160","37,152","-4,992","5,960","7,159","-1,199",-5,"321,813",,,,,
E09000023,Lewisham,London Borough,"305,842","4,310","1,848","2,462","21,843","26,323","-4,480","4,785","3,364","1,421",64,"305,309",,,,,
E09000025,Newham,London Borough,"353,134","5,484","1,684","3,800","21,294","29,701","-8,407","11,443","4,769","6,674",65,"355,266",,,,,
E09000028,Southwark,London Borough,"318,830","3,912","1,573","2,339","27,835","31,683","-3,848","9,212","6,568","2,644",52,"320,017",,,,,
E09000030,Tower Hamlets,London Borough,"324,745","4,302","1,216","3,086","26,042","28,836","-2,794","13,655","6,775","6,880",52,"331,969",,,,,
E09000032,Wandsworth,London Borough,"329,677","4,394","1,780","2,614","33,241","36,271","-3,030","5,776","5,136",640,-166,"329,735",,,,,
E09000033,Westminster,London Borough,"261,317","2,240","1,301",939,"16,251","21,008","-4,757","21,282","8,958","12,324",25,"269,848",,,,,
E09000002,Barking and Dagenham,London Borough,"212,906","3,532","1,431","2,101","12,905","15,877","-2,972","3,387","1,366","2,021",51,"214,107",,,,,
E09000003,Barnet,London Borough,"395,869","5,003","2,886","2,117","22,984","25,676","-2,692","7,395","3,736","3,659",54,"399,007",,,,,
E09000004,Bexley,London Borough,"248,287","2,882","2,274",608,"12,211","12,500",-289,"1,140",481,659,36,"249,301",,,,,
E09000005,Brent,London Borough,"329,771","4,867","2,227","2,640","21,392","29,427","-8,035","8,367","5,030","3,337",40,"327,753",,,,,
E09000006,Bromley,London Borough,"332,336","3,828","2,899",929,"17,032","17,993",-961,"1,448","1,031",417,31,"332,752",,,,,
E09000008,Croydon,London Borough,"386,710","5,433","3,097","2,336","22,865","24,314","-1,449","3,357","2,448",909,57,"388,563",,,,,
E09000009,Ealing,London Borough,"341,806","4,572","2,424","2,148","22,994","28,332","-5,338","7,004","5,331","1,673",52,"340,341",,,,,
E09000010,Enfield,London Borough,"333,794","4,408","2,539","1,869","15,685","19,931","-4,246","3,875","1,759","2,116",54,"333,587",,,,,
E09000011,Greenwich,London Borough,"287,942","4,141","1,875","2,266","18,848","21,605","-2,757","4,038","2,172","1,866",-283,"289,034",,,,,
E09000015,Harrow,London Borough,"251,160","3,506","1,994","1,512","15,499","17,637","-2,138","4,022","2,304","1,718",86,"252,338",,,,,
E09000016,Havering,London Borough,"259,552","3,139","2,742",397,"12,711","12,727",-16,"1,400",725,675,43,"260,651",,,,,
E09000017,Hillingdon,London Borough,"306,870","4,003","2,330","1,673","18,261","20,866","-2,605","5,682","2,717","2,965",111,"309,014",,,,,
E09000018,Hounslow,London Borough,"271,523","3,870","1,863","2,007","15,550","19,980","-4,430","4,802","2,060","2,742",-75,"271,767",,,,,
E09000021,Kingston upon Thames,London Borough,"177,507","1,898","1,203",695,"11,684","13,018","-1,334","4,068","1,811","2,257",17,"179,142",,,,,
E09000024,Merton,London Borough,"206,548","2,865","1,488","1,377","16,143","17,822","-1,679","2,673","2,513",160,47,"206,453",,,,,
E09000026,Redbridge,London Borough,"305,222","4,420","2,075","2,345","17,392","21,860","-4,468","4,761","2,256","2,505",54,"305,658",,,,,
E09000027,Richmond upon Thames,London Borough,"198,019","2,076","1,356",720,"12,973","13,984","-1,011","1,869","1,498",371,42,"198,141",,,,,
E09000029,Sutton,London Borough,"206,349","2,492","1,655",837,"11,141","10,911",230,915,659,256,35,"207,707",,,,,
E09000031,Waltham Forest,London Borough,"276,983","4,363","1,625","2,738","17,136","20,973","-3,837","4,947","3,917","1,030",26,"276,940",,,,,
E12000008,SOUTH EAST,Region,"9,180,135","92,936","89,669","3,267","257,708","240,025","17,683","76,086","61,701","14,385","1,795","9,217,265",,,,,
E06000036,Bracknell Forest,Unitary Authority,"122,549","1,375",804,571,"6,731","6,127",604,979,629,350,91,"124,165",,,,,
E06000043,Brighton and Hove,Unitary Authority,"290,885","2,378","2,228",150,"20,682","22,224","-1,542","6,661","4,471","2,190",55,"291,738",,,,,
E06000060,Buckinghamshire,Unitary Authority,"543,973","5,638","4,889",749,"26,119","24,657","1,462","4,094","3,402",692,184,"547,060",,,,,
E06000046,Isle of Wight,Unitary Authority,"141,771",986,"1,872",-886,"4,676","3,352","1,324",327,277,50,37,"142,296",,,,,
E06000035,Medway,Unitary Authority,"278,556","3,344","2,391",953,"11,666","12,115",-449,"1,209","1,130",79,3,"279,142",,,,,
E06000042,Milton Keynes,Unitary Authority,"269,457","3,219","2,026","1,193","11,612","11,735",-123,"1,889","2,419",-530,206,"270,203",,,,,
E06000044,Portsmouth,Unitary Authority,"214,905","2,295","1,752",543,"12,588","14,500","-1,912","3,339","2,195","1,144",12,"214,692",,,,,
E06000038,Reading,Unitary Authority,"161,780","2,123","1,291",832,"11,999","15,084","-3,085","3,787","3,025",762,48,"160,337",,,,,
E06000039,Slough,Unitary Authority,"149,539","2,368",950,"1,418","6,664","8,338","-1,674","1,624","1,361",263,31,"149,577",,,,,
E06000045,Southampton,Unitary Authority,"252,520","2,876","1,969",907,"15,531","19,067","-3,536","6,790","3,869","2,921",60,"252,872",,,,,
E06000037,West Berkshire,Unitary Authority,"158,450","1,543","1,377",166,"7,285","7,365",-80,734,878,-144,73,"158,465",,,,,
E06000040,Windsor and Maidenhead,Unitary Authority,"151,422","1,489","1,485",4,"8,519","8,805",-286,"1,039","1,021",18,115,"151,273",,,,,
E06000041,Wokingham,Unitary Authority,"171,119","1,684","1,394",290,"11,483","9,367","2,116","1,400","1,020",380,40,"173,945",,,,,
E10000011,East Sussex,County,"557,229","4,620","6,986","-2,366","20,107","16,936","3,171","2,367","1,582",785,33,"558,852",,,,,
E07000061,Eastbourne,Non-metropolitan District,"103,745",925,"1,345",-420,"5,351","5,688",-337,690,378,312,24,"103,324",,,,,
E07000062,Hastings,Non-metropolitan District,"92,661",985,"1,031",-46,"4,186","4,286",-100,423,398,25,14,"92,554",,,,,
E07000063,Lewes,Non-metropolitan District,"103,268",809,"1,307",-498,"5,699","4,983",716,290,228,62,-23,"103,525",,,,,
E07000064,Rother,Non-metropolitan District,"96,080",685,"1,393",-708,"5,572","4,488","1,084",436,192,244,16,"96,716",,,,,
E07000065,Wealden,Non-metropolitan District,"161,475","1,216","1,910",-694,"8,698","6,890","1,808",528,386,142,2,"162,733",,,,,
E10000014,Hampshire,County,"1,382,542","13,224","14,119",-895,"53,602","47,268","6,334","4,687","4,670",17,"1,208","1,389,206",,,,,
E07000084,Basingstoke and Deane,Non-metropolitan District,"176,582","1,969","1,576",393,"8,073","7,352",721,732,727,5,59,"177,760",,,,,
E07000085,East Hampshire,Non-metropolitan District,"122,308","1,091","1,281",-190,"7,207","5,569","1,638",361,335,26,56,"123,838",,,,,
E07000086,Eastleigh,Non-metropolitan District,"133,584","1,413","1,181",232,"7,417","5,741","1,676",262,251,11,17,"135,520",,,,,
E07000087,Fareham,Non-metropolitan District,"116,233",925,"1,252",-327,"5,206","5,016",190,250,186,64,178,"116,338",,,,,
E07000088,Gosport,Non-metropolitan District,"84,838",851,953,-102,"3,184","3,467",-283,182,173,9,217,"84,679",,,,,
E07000089,Hart,Non-metropolitan District,"97,073",897,769,128,"5,234","4,999",235,324,290,34,138,"97,608",,,,,
E07000090,Havant,Non-metropolitan District,"126,220","1,205","1,479",-274,"5,501","5,132",369,219,245,-26,50,"126,339",,,,,
E07000091,New Forest,Non-metropolitan District,"180,086","1,297","2,353","-1,056","7,333","6,998",335,535,315,220,64,"179,649",,,,,
E07000092,Rushmoor,Non-metropolitan District,"94,599","1,209",740,469,"5,378","5,910",-532,529,625,-96,-53,"94,387",,,,,
E07000093,Test Valley,Non-metropolitan District,"126,160","1,308","1,306",2,"7,114","6,122",992,399,606,-207,216,"127,163",,,,,
E07000094,Winchester,Non-metropolitan District,"124,859","1,059","1,229",-170,"10,435","9,442",993,894,917,-23,266,"125,925",,,,,
E10000016,Kent,County,"1,581,555","16,384","16,508",-124,"53,861","47,592","6,269","8,922","7,636","1,286",71,"1,589,057",,,,,
E07000105,Ashford,Non-metropolitan District,"130,032","1,427","1,254",173,"5,941","5,339",602,565,391,174,37,"131,018",,,,,
E07000106,Canterbury,Non-metropolitan District,"165,394","1,254","1,759",-505,"13,196","12,560",636,"2,953","1,763","1,190",47,"166,762",,,,,
E07000107,Dartford,Non-metropolitan District,"112,606","1,673",991,682,"7,115","6,328",787,414,452,-38,14,"114,051",,,,,
E07000108,Dover,Non-metropolitan District,"118,131","1,068","1,392",-324,"4,649","3,958",691,373,383,-10,26,"118,514",,,,,
E07000112,Folkestone and Hythe,Non-metropolitan District,"112,996",983,"1,430",-447,"4,629","4,113",516,335,179,156,99,"113,320",,,,,
E07000109,Gravesham,Non-metropolitan District,"106,939","1,304","1,062",242,"4,779","5,152",-373,557,484,73,9,"106,890",,,,,
E07000110,Maidstone,Non-metropolitan District,"171,826","1,859","1,617",242,"8,614","7,409","1,205","1,024","1,133",-109,-32,"173,132",,,,,
E07000111,Sevenoaks,Non-metropolitan District,"120,750","1,160","1,250",-90,"6,931","6,299",632,440,364,76,19,"121,387",,,,,
E07000113,Swale,Non-metropolitan District,"150,082","1,673","1,515",158,"6,073","5,085",988,717,710,7,-220,"151,015",,,,,
E07000114,Thanet,Non-metropolitan District,"141,922","1,447","1,954",-507,"4,747","4,887",-140,555,408,147,36,"141,458",,,,,
E07000115,Tonbridge and Malling,Non-metropolitan District,"132,153","1,409","1,129",280,"6,787","6,673",114,389,384,5,19,"132,571",,,,,
E07000116,Tunbridge Wells,Non-metropolitan District,"118,724","1,127","1,155",-28,"6,721","6,110",611,600,985,-385,17,"118,939",,,,,
E10000025,Oxfordshire,County,"691,667","7,119","6,227",892,"38,034","35,166","2,868","10,454","9,187","1,267",186,"696,880",,,,,
E07000177,Cherwell,Non-metropolitan District,"150,503","1,784","1,410",374,"8,310","6,962","1,348","1,004","1,347",-343,-36,"151,846",,,,,
E07000178,Oxford,Non-metropolitan District,"152,457","1,441","1,011",430,"16,606","19,516","-2,910","7,512","5,930","1,582",25,"151,584",,,,,
E07000179,South Oxfordshire,Non-metropolitan District,"142,057","1,418","1,364",54,"9,209","7,544","1,665",608,656,-48,54,"143,782",,,,,
E07000180,Vale of White Horse,Non-metropolitan District,"136,007","1,438","1,234",204,"8,876","7,462","1,414",905,812,93,192,"137,910",,,,,
E07000181,West Oxfordshire,Non-metropolitan District,"110,643","1,038","1,208",-170,"5,924","4,573","1,351",425,442,-17,-49,"111,758",,,,,
E10000030,Surrey,County,"1,196,236","12,044","11,390",654,"60,458","59,058","1,400","11,296","8,938","2,358",-778,"1,199,870",,,,,
E07000207,Elmbridge,Non-metropolitan District,"136,795","1,517","1,211",306,"8,445","7,987",458,854,"1,234",-380,36,"137,215",,,,,
E07000208,Epsom and Ewell,Non-metropolitan District,"80,627",829,658,171,"5,150","5,089",61,521,407,114,30,"81,003",,,,,
E07000209,Guildford,Non-metropolitan District,"148,998","1,254","1,134",120,"12,138","12,004",134,"4,147","2,458","1,689",-589,"150,352",,,,,
E07000210,Mole Valley,Non-metropolitan District,"87,245",691,"1,006",-315,"5,217","4,571",646,388,422,-34,5,"87,547",,,,,
E07000211,Reigate and Banstead,Non-metropolitan District,"148,748","1,677","1,448",229,"8,119","7,796",323,595,517,78,-135,"149,243",,,,,
E07000212,Runnymede,Non-metropolitan District,"89,424",902,794,108,"7,730","7,591",139,"1,967","1,324",643,13,"90,327",,,,,
E07000213,Spelthorne,Non-metropolitan District,"99,844","1,199",967,232,"5,637","5,820",-183,493,477,16,-36,"99,873",,,,,
E07000214,Surrey Heath,Non-metropolitan District,"89,305",817,958,-141,"5,453","5,360",93,370,297,73,-126,"89,204",,,,,
E07000215,Tandridge,Non-metropolitan District,"88,129",910,941,-31,"5,263","5,001",262,340,178,162,20,"88,542",,,,,
E07000216,Waverley,Non-metropolitan District,"126,328","1,079","1,374",-295,"8,427","8,022",405,881,769,112,6,"126,556",,,,,
E07000217,Woking,Non-metropolitan District,"100,793","1,169",899,270,"5,284","6,222",-938,740,855,-115,-2,"100,008",,,,,
E10000032,West Sussex,County,"863,980","8,227","10,011","-1,784","32,088","27,266","4,822","4,488","3,991",497,120,"867,635",,,,,
E07000223,Adur,Non-metropolitan District,"64,301",575,764,-189,"3,222","3,213",9,231,170,61,5,"64,187",,,,,
E07000224,Arun,Non-metropolitan District,"160,758","1,365","2,277",-912,"7,217","6,154","1,063",729,529,200,14,"161,123",,,,,
E07000225,Chichester,Non-metropolitan District,"121,129",973,"1,637",-664,"8,014","7,046",968,738,684,54,21,"121,508",,,,,
E07000226,Crawley,Non-metropolitan District,"112,409","1,490",830,660,"4,524","5,107",-583,"1,059","1,082",-23,11,"112,474",,,,,
E07000227,Horsham,Non-metropolitan District,"143,791","1,308","1,521",-213,"8,007","6,311","1,696",625,449,176,24,"145,474",,,,,
E07000228,Mid Sussex,Non-metropolitan District,"151,022","1,486","1,527",-41,"7,811","6,794","1,017",688,580,108,36,"152,142",,,,,
E07000229,Worthing,Non-metropolitan District,"110,570","1,030","1,455",-425,"5,741","5,089",652,418,497,-79,9,"110,727",,,,,
E12000009,SOUTH WEST,Region,"5,624,696","51,499","59,918","-8,419","158,484","131,432","27,052","37,097","24,698","12,399","3,415","5,659,143",,,,,
E06000022,Bath and North East Somerset,Unitary Authority,"193,282","1,688","1,789",-101,"16,596","15,408","1,188","3,577","1,612","1,965",23,"196,357",,,,,
E06000058,"Bournemouth, Christchurch and Poole",Unitary Authority,"395,331","3,573","4,422",-849,"20,727","20,501",226,"4,566","2,369","2,197",84,"396,989",,,,,
E06000023,"Bristol, City of",Unitary Authority,"463,377","5,423","3,539","1,884","33,092","33,282",-190,"7,380","6,628",752,43,"465,866",,,,,
E06000052,Cornwall,Unitary Authority,"569,578","4,708","6,437","-1,729","22,685","17,750","4,935","1,927","1,594",333,182,"573,299",,,,,
E06000059,Dorset,Unitary Authority,"378,508","2,731","4,824","-2,093","17,017","14,278","2,739","1,114",689,425,212,"379,791",,,,,
E06000053,Isles of Scilly,Unitary Authority,"2,224",13,17,-4,163,170,-7,22,11,11,2,"2,226",,,,,
E06000024,North Somerset,Unitary Authority,"215,052","1,970","2,498",-528,"8,583","7,708",875,698,585,113,62,"215,574",,,,,
E06000026,Plymouth,Unitary Authority,"262,100","2,590","2,569",21,"13,008","13,443",-435,"1,910",929,981,172,"262,839",,,,,
E06000025,South Gloucestershire,Unitary Authority,"285,093","2,999","2,469",530,"16,144","14,671","1,473","1,891","1,099",792,-72,"287,816",,,,,
E06000030,Swindon,Unitary Authority,"222,193","2,528","1,965",563,"7,297","7,747",-450,"1,507",966,541,34,"222,881",,,,,
E06000027,Torbay,Unitary Authority,"136,264","1,111","1,814",-703,"5,857","5,429",428,475,247,228,1,"136,218",,,,,
E06000054,Wiltshire,Unitary Authority,"500,024","4,681","5,153",-472,"20,892","18,566","2,326","1,754","1,852",-98,"2,290","504,070",,,,,
E10000008,Devon,County,"802,375","6,474","8,984","-2,510","37,067","28,546","8,521","4,845","2,480","2,365",-35,"810,716",,,,,
E07000040,East Devon,Non-metropolitan District,"146,284","1,114","1,905",-791,"8,194","5,769","2,425",336,239,97,65,"148,080",,,,,
E07000041,Exeter,Non-metropolitan District,"131,405","1,145","1,099",46,"12,894","12,635",259,"3,086","1,401","1,685",-62,"133,333",,,,,
E07000042,Mid Devon,Non-metropolitan District,"82,311",778,817,-39,"4,516","3,610",906,248,140,108,4,"83,290",,,,,
E07000043,North Devon,Non-metropolitan District,"97,145",828,"1,087",-259,"4,947","3,730","1,217",247,179,68,-1,"98,170",,,,,
E07000044,South Hams,Non-metropolitan District,"87,004",593,952,-359,"5,674","4,387","1,287",236,207,29,-15,"87,946",,,,,
E07000045,Teignbridge,Non-metropolitan District,"134,163","1,116","1,580",-464,"6,681","5,442","1,239",288,158,130,-29,"135,039",,,,,
E07000046,Torridge,Non-metropolitan District,"68,267",518,851,-333,"3,817","3,170",647,199,73,126,12,"68,719",,,,,
E07000047,West Devon,Non-metropolitan District,"55,796",382,693,-311,"3,261","2,720",541,205,83,122,-9,"56,139",,,,,
E10000013,Gloucestershire,County,"637,070","5,958","6,863",-905,"24,877","21,647","3,230","3,093","2,089","1,004",251,"640,650",,,,,
E07000078,Cheltenham,Non-metropolitan District,"116,306","1,114","1,268",-154,"7,758","8,190",-432,"1,068",778,290,33,"116,043",,,,,
E07000079,Cotswold,Non-metropolitan District,"89,862",725,"1,048",-323,"5,898","5,364",534,456,328,128,63,"90,264",,,,,
E07000080,Forest of Dean,Non-metropolitan District,"86,791",720,935,-215,"4,141","3,725",416,221,141,80,35,"87,107",,,,,
E07000081,Gloucester,Non-metropolitan District,"129,128","1,433","1,302",131,"6,657","6,483",174,747,497,250,26,"129,709",,,,,
E07000082,Stroud,Non-metropolitan District,"119,964","1,005","1,331",-326,"6,126","5,011","1,115",291,183,108,42,"120,903",,,,,
E07000083,Tewkesbury,Non-metropolitan District,"95,019",961,979,-18,"6,127","4,704","1,423",310,162,148,52,"96,624",,,,,
E10000027,Somerset,County,"562,225","5,052","6,575","-1,523","19,846","17,653","2,193","2,338","1,548",790,166,"563,851",,,,,
E07000187,Mendip,Non-metropolitan District,"115,587","1,000","1,250",-250,"6,040","5,369",671,543,268,275,5,"116,288",,,,,
E07000188,Sedgemoor,Non-metropolitan District,"123,178","1,149","1,513",-364,"5,200","4,677",523,386,286,100,9,"123,446",,,,,
E07000246,Somerset West and Taunton,Non-metropolitan District,"155,115","1,364","1,922",-558,"6,599","6,148",451,822,481,341,72,"155,421",,,,,
E07000189,South Somerset,Non-metropolitan District,"168,345","1,539","1,890",-351,"7,038","6,490",548,587,513,74,80,"168,696",,,,,
W92000004,WALES,Country,"3,152,879","29,411","35,819","-6,408","65,897","53,029","12,868","18,644","8,698","9,946",301,"3,169,586",,,,,
W06000001,Isle of Anglesey,Unitary Authority,"70,043",582,836,-254,"2,350","1,800",550,102,42,60,41,"70,440",,,,,
W06000002,Gwynedd,Unitary Authority,"124,560","1,036","1,408",-372,"5,324","5,465",-141,"1,479",346,"1,133",-9,"125,171",,,,,
W06000003,Conwy,Unitary Authority,"117,203",982,"1,592",-610,"4,836","3,372","1,464",235,131,104,23,"118,184",,,,,
W06000004,Denbighshire,Unitary Authority,"95,696",949,"1,361",-412,"4,565","3,379","1,186",292,107,185,9,"96,664",,,,,
W06000005,Flintshire,Unitary Authority,"156,100","1,420","1,675",-255,"5,037","4,140",897,447,372,75,30,"156,847",,,,,
W06000006,Wrexham,Unitary Authority,"135,957","1,373","1,458",-85,"3,631","3,717",-86,552,433,119,150,"136,055",,,,,
W06000023,Powys,Unitary Authority,"132,435","1,043","1,747",-704,"5,442","4,311","1,131",284,149,135,33,"133,030",,,,,
W06000008,Ceredigion,Unitary Authority,"72,695",500,863,-363,"4,728","4,678",50,817,310,507,6,"72,895",,,,,
W06000009,Pembrokeshire,Unitary Authority,"125,818","1,029","1,554",-525,"4,174","2,859","1,315",248,121,127,16,"126,751",,,,,
W06000010,Carmarthenshire,Unitary Authority,"188,771","1,634","2,310",-676,"6,609","4,847","1,762",394,207,187,29,"190,073",,,,,
W06000011,Swansea,Unitary Authority,"246,993","2,188","2,806",-618,"9,724","11,262","-1,538","2,923","1,154","1,769",-43,"246,563",,,,,
W06000012,Neath Port Talbot,Unitary Authority,"143,315","1,257","1,742",-485,"5,833","4,553","1,280",409,152,257,19,"144,386",,,,,
W06000013,Bridgend,Unitary Authority,"147,049","1,329","1,719",-390,"4,024","3,258",766,276,143,133,-19,"147,539",,,,,
W06000014,Vale of Glamorgan,Unitary Authority,"133,587","1,222","1,412",-190,"5,506","3,888","1,618",409,148,261,19,"135,295",,,,,
W06000015,Cardiff,Unitary Authority,"366,903","3,793","3,072",721,"20,962","22,958","-1,996","7,196","3,613","3,583",-9,"369,202",,,,,
W06000016,Rhondda Cynon Taf,Unitary Authority,"241,264","2,432","2,891",-459,"6,666","6,316",350,937,229,708,10,"241,873",,,,,
W06000024,Merthyr Tydfil,Unitary Authority,"60,326",647,713,-66,"1,406","1,336",70,132,63,69,25,"60,424",,,,,
W06000018,Caerphilly,Unitary Authority,"181,075","1,741","1,998",-257,"4,935","4,068",867,120,100,20,26,"181,731",,,,,
W06000019,Blaenau Gwent,Unitary Authority,"69,862",713,899,-186,"1,848","1,529",319,80,51,29,-4,"70,020",,,,,
W06000020,Torfaen,Unitary Authority,"93,961",922,"1,072",-150,"3,061","2,072",989,81,62,19,13,"94,832",,,,,
W06000021,Monmouthshire,Unitary Authority,"94,590",714,"1,035",-321,"4,426","3,529",897,225,149,76,-78,"95,164",,,,,
W06000022,Newport,Unitary Authority,"154,676","1,905","1,656",249,"5,959","4,841","1,118","1,006",616,390,14,"156,447",,,,,
S92000003,SCOTLAND,Country,"5,463,300","48,673","63,145","-14,472","41,800","32,800","9,000","39,200","31,300","7,900",272,"5,466,000",,,,,
S12000033,Aberdeen City,Council Area,"228,670","2,131","2,299",-168,"7,330","8,130",-810,"3,780","2,480","1,310",58,"229,060",,,,,
S12000034,Aberdeenshire,Council Area,"261,210","2,338","2,626",-288,"5,710","5,740",-30,650,740,-90,-12,"260,780",,,,,
S12000041,Angus,Council Area,"116,200",931,"1,490",-559,"3,120","2,750",370,240,330,-90,-101,"115,820",,,,,
S12000035,Argyll and Bute,Council Area,"85,870",617,"1,183",-566,"3,130","2,950",180,300,570,-270,216,"85,430",,,,,
S12000036,City of Edinburgh,Council Area,"524,930","4,584","4,852",-268,"18,670","20,030","-1,360","11,450","7,200","4,250",68,"527,620",,,,,
S12000005,Clackmannanshire,Council Area,"51,540",438,660,-222,"1,430","1,310",110,120,130,-10,-128,"51,290",,,,,
S12000006,Dumfries and Galloway,Council Area,"148,860","1,152","2,049",-897,"3,270","2,600",660,280,610,-330,-13,"148,290",,,,,
S12000042,Dundee City,Council Area,"149,320","1,406","1,883",-477,"4,820","5,290",-470,"1,550","1,160",390,57,"148,820",,,,,
S12000008,East Ayrshire,Council Area,"122,010","1,177","1,585",-408,"2,670","2,440",240,100,290,-190,-52,"121,600",,,,,
S12000045,East Dunbartonshire,Council Area,"108,640",918,"1,287",-369,"3,270","2,640",630,160,190,-20,-131,"108,750",,,,,
S12000010,East Lothian,Council Area,"107,090",962,"1,132",-170,"3,810","2,830",980,400,400,0,10,"107,900",,,,,
S12000011,East Renfrewshire,Council Area,"95,530",808,"1,020",-212,"3,350","2,570",780,140,180,-50,12,"96,060",,,,,
S12000014,Falkirk,Council Area,"160,890","1,433","1,948",-515,"3,310","2,980",340,290,400,-110,-45,"160,560",,,,,
S12000047,Fife,Council Area,"373,550","3,241","4,208",-967,"8,300","7,130","1,180","2,080","1,830",260,107,"374,130",,,,,
S12000049,Glasgow City,Council Area,"633,120","6,220","7,017",-797,"20,120","21,740","-1,620","11,880","7,000","4,880",57,"635,640",,,,,
S12000017,Highland,Council Area,"235,830","1,920","2,723",-803,"5,500","4,780",720,690,"1,010",-330,13,"235,430",,,,,
S12000018,Inverclyde,Council Area,"77,800",631,"1,268",-637,"1,180","1,210",-30,70,140,-70,-3,"77,060",,,,,
S12000019,Midlothian,Council Area,"92,460","1,007",993,14,"3,080","2,380",700,150,220,-70,46,"93,150",,,,,
S12000020,Moray,Council Area,"95,820",884,"1,065",-181,"2,440","2,320",130,280,380,-100,51,"95,710",,,,,
S12000013,Na h-Eileanan Siar,Council Area,"26,720",203,375,-172,680,660,20,40,90,-60,-8,"26,500",,,,,
S12000021,North Ayrshire,Council Area,"134,740","1,171","1,854",-683,"2,990","2,710",300,210,360,-150,53,"134,250",,,,,
S12000050,North Lanarkshire,Council Area,"341,370","3,270","4,006",-736,"6,090","5,310",790,500,850,-350,66,"341,140",,,,,
S12000023,Orkney Islands,Council Area,"22,270",182,226,-44,650,450,220,40,90,-50,4,"22,400",,,,,
S12000048,Perth and Kinross,Council Area,"151,950","1,204","1,827",-623,"4,610","3,860",750,680,710,-40,-137,"151,910",,,,,
S12000038,Renfrewshire,Council Area,"179,100","1,678","2,277",-599,"4,610","3,710",890,650,700,-50,39,"179,390",,,,,
S12000026,Scottish Borders,Council Area,"115,510",892,"1,425",-533,"3,340","2,800",540,250,520,-270,-7,"115,240",,,,,
S12000027,Shetland Islands,Council Area,"22,920",193,217,-24,520,500,10,50,100,-50,4,"22,870",,,,,
S12000028,South Ayrshire,Council Area,"112,610",817,"1,663",-846,"2,960","2,420",540,220,410,-190,26,"112,140",,,,,
S12000029,South Lanarkshire,Council Area,"320,530","3,059","3,999",-940,"7,680","6,140","1,530",500,860,-360,60,"320,820",,,,,
S12000030,Stirling,Council Area,"94,210",718,961,-243,"3,750","3,670",80,780,730,50,-17,"94,080",,,,,
S12000039,West Dunbartonshire,Council Area,"88,930",815,"1,230",-415,"1,840","2,020",-180,130,170,-30,35,"88,340",,,,,
S12000040,West Lothian,Council Area,"183,100","1,673","1,797",-124,"4,500","3,690",820,550,480,70,-46,"183,820",,,,,
N92000002,NORTHERN IRELAND,Country,"1,893,667","21,899","16,691","5,208","10,044","11,570","-1,526","11,181","12,932","-1,751",-88,"1,895,510",,,,,
N09000001,Antrim and Newtownabbey,Local Government District,"143,504","1,620","1,285",335,"3,923","3,961",-38,556,630,-74,29,"143,756",,,,,
N09000011,Ards and North Down,Local Government District,"161,725","1,490","1,628",-138,"3,822","3,148",674,433,563,-130,-75,"162,056",,,,,
N09000002,"Armagh City, Banbridge and Craigavon",Local Government District,"216,205","2,668","1,622","1,046","4,680","4,661",19,"1,439","1,135",304,-342,"217,232",,,,,
N09000003,Belfast,Local Government District,"343,542","4,053","3,451",602,"15,665","16,963","-1,298","4,584","5,775","-1,191",905,"342,560",,,,,
N09000004,Causeway Coast and Glens,Local Government District,"144,838","1,506","1,326",180,"3,867","4,257",-390,385,543,-158,473,"144,943",,,,,
N09000005,Derry City and Strabane,Local Government District,"151,284","1,809","1,211",598,"3,340","3,960",-620,472,583,-111,-42,"151,109",,,,,
N09000006,Fermanagh and Omagh,Local Government District,"117,397","1,393","1,004",389,"2,836","3,172",-336,514,525,-11,-102,"117,337",,,,,
N09000007,Lisburn and Castlereagh,Local Government District,"146,002","1,697","1,246",451,"5,303","4,828",475,528,609,-81,-395,"146,452",,,,,
N09000008,Mid and East Antrim,Local Government District,"139,274","1,408","1,377",31,"3,299","3,177",122,545,656,-111,127,"139,443",,,,,
N09000009,Mid Ulster,Local Government District,"148,528","2,058","1,058","1,000","3,391","3,482",-91,818,929,-111,-373,"148,953",,,,,
N09000010,"Newry, Mourne and Down",Local Government District,"181,368","2,197","1,483",714,"4,064","4,107",-43,907,984,-77,-293,"181,669",,,,,
